id;title;image;description
1;Shoes Health Handcrafted Rubber Pants;Operative;SMTP Orchestrator
2;invoice Strategist;Shoes Books;Wooden Malta
3;Berkshire Salad Cambridgeshire;Union copy Bedfordshire;upward-trending Handmade protocol
4;Wyoming;copy Fish Research;programming Fantastic Frozen Pizza Street
5;dot-com mobile;Barbados Port quantify;Vermont
6;Afghanistan;regional 24/365;Mexico
7;Qatari Rial channels;hard drive Awesome Jewelery;Auto Loan Account Georgia Malagasy Ariary
8;Ergonomic Granite Shoes Movies Representative;Planner JBOD;Indonesia Fresh
9;Baby Human;Lane National;SMS Solutions payment
10;Solutions Pakistan Rupee;Saint Vincent and the Grenadines;Practical Cotton Sausages
